DATETIME,alt(km),lat(deg),lon(deg)
2019-07-30 17:04:00,11362.75841,11.391923,154.268925
2019-07-30 17:09:00,11516.45781,8.645016,156.193306
2019-07-30 17:14:00,11650.92313,5.916772,158.021787
2019-07-30 17:19:00,11765.75939,3.20951,159.778169
2019-07-30 17:24:00,11860.64721,0.524741,161.484253
2019-07-30 17:29:00,11935.33433,-2.136523,163.160389
2019-07-30 17:34:00,11989.62892,-4.773513,164.825953
2019-07-30 17:39:00,12023.39443,-7.385485,166.499793
2019-07-30 17:44:00,12036.54604,-9.971508,168.200636
2019-07-30 17:49:00,12029.04839,-12.530263,169.947477
2019-07-30 17:54:00,12000.91479,-15.059836,171.759955
2019-07-30 17:59:00,11952.20766,-17.557479,173.658721
2019-07-30 18:04:00,11883.04041,-20.019348,175.665795
2019-07-30 18:09:00,11793.58068,-22.440185,177.804911
2019-07-30 18:14:00,11684.055,-24.812945,180.101827
2019-07-30 18:19:00,11554.7552,-27.128346,182.584555
2019-07-30 18:24:00,11406.04646,-29.374327,185.283465
2019-07-30 18:29:00,11238.37735,-31.535429,188.231152
2019-07-30 18:34:00,11052.29211,-33.592071,191.46192
2019-07-30 18:39:00,10848.44524,-35.519792,195.010683
2019-07-30 18:44:00,10627.61896,-37.288487,198.91102
2019-07-30 18:49:00,10390.74355,-38.861802,203.19214
2019-07-30 18:54:00,10138.92099,-40.196858,207.874566
2019-07-30 18:59:00,9873.45199,-41.2446,212.964666
2019-07-30 19:04:00,9595.86645,-41.951076,218.448702
2019-07-30 19:09:00,9307.95713,-42.259888,224.28779
2019-07-30 19:14:00,9011.81577,-42.115825,230.415844
2019-07-30 19:19:00,8709.87042,-41.469303,236.742534
2019-07-30 19:24:00,8404.92162,-40.280818,243.162081
2019-07-30 19:29:00,8100.17394,-38.524462,249.566513
2019-07-30 19:34:00,7799.25765,-36.189795,255.859969
2019-07-30 19:39:00,7506.23336,-33.281981,261.970135
2019-07-30 19:44:00,7225.57068,-29.820714,267.854319
2019-07-30 19:49:00,6962.09031,-25.838758,273.499992
2019-07-30 19:54:00,6720.85904,-21.380843,278.921376
2019-07-30 19:59:00,6507.02955,-16.503222,284.154268
2019-07-30 20:04:00,6325.62309,-11.273841,289.250835
2019-07-30 20:09:00,6181.26303,-5.772709,294.275337
2019-07-30 20:14:00,6077.8809,-0.091995,299.301032
2019-07-30 20:19:00,6018.4293,5.664616,304.407956
2019-07-30 20:24:00,6004.64454,11.383511,309.680948
2019-07-30 20:29:00,6036.8997,16.943703,315.206971
2019-07-30 20:34:00,6114.17553,22.220151,321.0705
2019-07-30 20:39:00,6234.1544,27.087778,327.345517
2019-07-30 20:44:00,6393.41841,31.426355,334.082906
2019-07-30 20:49:00,6587.71553,35.12683,341.293402
2019-07-30 20:54:00,6812.25117,38.099623,348.929377
2019-07-30 20:59:00,7061.96683,40.284486,356.873175
2019-07-30 21:04:00,7331.77916,41.659708,4.942001
2019-07-30 21:09:00,7616.76574,42.246834,12.914704
2019-07-30 21:14:00,7912.29556,42.107616,20.573703
2019-07-30 21:19:00,8214.10931,41.333201,27.744841
2019-07-30 21:24:00,8518.35911,40.029257,34.319459
2019-07-30 21:29:00,8821.6176,38.301995,40.254851
2019-07-30 21:34:00,9120.86614,36.248372,45.560236
2019-07-30 21:39:00,9413.46961,33.951109,50.278201
2019-07-30 21:44:00,9697.14404,31.477499,54.468421
2019-07-30 21:49:00,9969.92109,28.880462,58.196159
2019-07-30 21:54:00,10230.11237,26.200611,61.52535
2019-07-30 21:59:00,10476.27542,23.468548,64.515082
2019-07-30 22:04:00,10707.18217,20.706986,67.218221
2019-07-30 22:09:00,10921.79064,17.932554,69.681273
2019-07-30 22:14:00,11119.21986,15.157261,71.944856
2019-07-30 22:19:00,11298.72794,12.389642,74.044437
2019-07-30 22:24:00,11459.69331,9.635651,76.011133
2019-07-30 22:29:00,11601.59856,6.899351,77.872499
2019-07-30 22:34:00,11724.01696,4.183452,79.653232
2019-07-30 22:39:00,11826.60114,1.48972,81.375816
2019-07-30 22:44:00,11909.07395,-1.180681,83.061085
2019-07-30 22:49:00,11971.221,-3.826924,84.728724
2019-07-30 22:54:00,12012.88498,-6.44828,86.397732
2019-07-30 22:59:00,12033.96151,-9.04391,88.086837
2019-07-30 23:04:00,12034.39639,-11.612664,89.814889
2019-07-30 23:09:00,12014.1842,-14.15287,91.601247
2019-07-30 23:14:00,11973.36836,-16.662116,93.466139
2019-07-30 23:19:00,11912.04236,-19.136994,95.431035
2019-07-30 23:24:00,11830.3525,-21.572805,97.518987
2019-07-30 23:29:00,11728.50202,-23.963211,99.754959
2019-07-30 23:34:00,11606.7568,-26.29981,102.166089
2019-07-30 23:39:00,11465.45275,-28.571636,104.781848
2019-07-30 23:44:00,11305.00508,-30.764567,107.634008
2019-07-30 23:49:00,11125.91966,-32.860638,110.756282
2019-07-30 23:54:00,10928.80675,-34.837295,114.183468
2019-07-30 23:59:00,10714.39726,-36.666624,117.949847
2019-07-31 00:04:00,10483.56202,-38.314671,122.086579
2019-07-31 00:09:00,10237.33406,-39.741021,126.61787
2019-07-31 00:14:00,9976.93436,-40.898883,131.555905
2019-07-31 00:19:00,9703.80105,-41.735993,136.894965
2019-07-31 00:24:00,9419.62182,-42.196609,142.60587
2019-07-31 00:29:00,9126.36928,-42.224724,148.632582
2019-07-31 00:34:00,8826.33801,-41.76826,154.893143
2019-07-31 00:39:00,8522.18157,-40.783614,161.286329
2019-07-31 00:44:00,8216.94626,-39.2396,167.703542
2019-07-31 00:49:00,7914.0974,-37.11997,174.043142
2019-07-31 00:54:00,7617.53141,-34.424152,180.223301
2019-07-31 00:59:00,7331.56567,-31.166537,186.190169
2019-07-31 01:04:00,7060.89588,-27.375078,191.920349
2019-07-31 01:09:00,6810.5103,-23.089994,197.418711
2019-07-31 01:14:00,6585.55139,-18.36309,202.71365
2019-07-31 01:19:00,6391.12006,-13.257737,207.851761
2019-07-31 01:24:00,6232.02629,-7.84924,212.893176
2019-07-31 01:29:00,6112.5023,-2.225111,217.908058
2019-07-31 01:34:00,6035.90809,3.515246,222.974121
2019-07-31 01:39:00,6004.46979,9.261745,228.174668
2019-07-31 01:44:00,6019.09381,14.895809,233.596312
2019-07-31 01:49:00,6079.29068,20.293423,239.325249
2019-07-31 01:54:00,6183.22273,25.328882,245.440676
2019-07-31 01:59:00,6327.86575,29.879321,252.003981
2019-07-31 02:04:00,6509.25402,33.830435,259.043134
2019-07-31 02:09:00,6722.76702,37.08405,266.534187
2019-07-31 02:14:00,6963.41691,39.567584,274.385963
2019-07-31 02:19:00,7226.10503,41.243929,282.437675
2019-07-31 02:24:00,7505.82902,42.118359,290.477644
2019-07-31 02:29:00,7797.83407,42.2386,298.281336
2019-07-31 02:34:00,8097.71161,41.686623,305.654344
2019-07-31 02:39:00,8401.45335,40.564649,312.462337
2019-07-31 02:44:00,8705.47096,38.980274,318.639161
2019-07-31 02:49:00,9006.59128,37.03488,324.176941
2019-07-31 02:54:00,9302.03548,34.816907,329.108117
2019-07-31 02:59:00,9589.38883,32.399433,333.487772
2019-07-31 03:04:00,9866.56601,29.840565,337.380251
2019-07-31 03:09:00,10131.77526,27.185255,340.85065
2019-07-31 03:14:00,10383.48351,24.467579,343.960185
2019-07-31 03:19:00,10620.38382,21.712957,346.764158
2019-07-31 03:24:00,10841.36587,18.940093,349.311449
2019-07-31 03:29:00,11045.48956,16.162558,351.644814
2019-07-31 03:34:00,11231.96195,13.390057,353.80156
2019-07-31 03:39:00,11400.11726,10.629405,355.814344
2019-07-31 03:44:00,11549.39976,7.885293,357.711966
2019-07-31 03:49:00,11679.34932,5.160875,359.520113
2019-07-31 03:54:00,11789.58925,2.458218,1.262029
2019-07-31 03:59:00,11879.81638,-0.221327,2.959102
2019-07-31 04:04:00,11949.79293,-2.87684,4.631392
2019-07-31 04:09:00,11999.34022,-5.507583,6.298105
2019-07-31 04:14:00,12028.33392,-8.112781,7.978023
2019-07-31 04:19:00,12036.70075,-10.691423,9.689909
2019-07-31 04:24:00,12024.41661,-13.242053,11.452889
2019-07-31 04:29:00,11991.50606,-15.762558,13.286824
2019-07-31 04:34:00,11938.04309,-18.249928,15.21268
2019-07-31 04:39:00,11864.15329,-20.699975,17.252875
2019-07-31 04:44:00,11770.01741,-23.107009,19.431621
2019-07-31 04:49:00,11655.87648,-25.463443,21.775208
2019-07-31 04:54:00,11522.03851,-27.759319,24.312214
2019-07-31 04:59:00,11368.88699,-29.981758,27.073546
2019-07-31 05:04:00,11196.89149,-32.114304,30.092223
2019-07-31 05:09:00,11006.62039,-34.136198,33.402724
2019-07-31 05:14:00,10798.75613,-36.021613,37.039689
2019-07-31 05:19:00,10574.11335,-37.738925,41.035718
2019-07-31 05:24:00,10333.65994,-39.250176,45.418008
2019-07-31 05:29:00,10078.54145,-40.510943,50.203738
2019-07-31 05:34:00,9810.10898,-41.470905,55.394406
2019-07-31 05:39:00,9529.95039,-42.075404,60.970003
2019-07-31 05:44:00,9239.92462,-42.268212,66.88459
2019-07-31 05:49:00,8942.19825,-41.995397,73.065423
2019-07-31 05:54:00,8639.28285,-41.209826,79.417439
2019-07-31 05:59:00,8334.07038,-39.875421,85.83339
2019-07-31 06:04:00,8029.86307,-37.970263,92.207669
2019-07-31 06:09:00,7730.39174,-35.487981,98.450107
2019-07-31 06:14:00,7439.81536,-32.437501,104.496089
2019-07-31 06:19:00,7162.69211,-28.841807,110.311083
2019-07-31 06:24:00,6903.91142,-24.736539,115.889979
2019-07-31 06:29:00,6668.57667,-20.169064,121.253053
2019-07-31 06:34:00,6461.83157,-15.19824,126.440694
2019-07-31 06:39:00,6288.63021,-9.894705,131.508422
2019-07-31 06:44:00,6153.46175,-4.341254,136.522956
2019-07-31 06:49:00,6060.05459,1.367189,141.559409
2019-07-31 06:54:00,6011.09694,7.124408,146.699222
2019-07-31 06:59:00,6008.01721,12.814713,152.028129
2019-07-31 07:04:00,6050.86274,18.315686,157.633121
2019-07-31 07:09:00,6138.29993,23.501672,163.597104
2019-07-31 07:14:00,6267.73475,28.247994,169.989788
2019-07-31 07:19:00,6435.53042,32.436168,176.853787
2019-07-31 07:24:00,6637.28315,35.960751,184.186687
2019-07-31 07:29:00,6868.11371,38.7382,191.923488
2019-07-31 07:34:00,7122.93877,40.716947,199.928137
2019-07-31 07:39:00,7396.69824,41.885937,208.003918
2019-07-31 07:44:00,7684.52803,42.277628,215.925466
2019-07-31 07:49:00,7981.87817,41.962771,223.482251
2019-07-31 07:54:00,8284.58278,41.038017,230.515208
2019-07-31 07:59:00,8588.89179,39.610741,236.93315
2019-07-31 08:04:00,8891.47441,37.785851,242.70848
2019-07-31 08:09:00,9189.40359,35.657218,247.860994
2019-07-31 08:14:00,9480.12872,33.303797,252.439336
2019-07-31 08:19:00,9761.4422,30.789163,256.505786
2019-07-31 08:24:00,10031.44371,28.162938,260.125992
2019-07-31 08:29:00,10288.50479,25.462993,263.36305
2019-07-31 08:34:00,10531.23529,22.717732,266.274647
2019-07-31 08:39:00,10758.45264,19.948151,268.912089
2019-07-31 08:44:00,10969.15422,17.169563,271.320377
2019-07-31 08:49:00,11162.49306,14.392975,273.538776
2019-07-31 08:54:00,11337.75668,11.626171,275.601593
2019-07-31 08:59:00,11494.3489,8.87455,277.538981
2019-07-31 09:04:00,11631.77439,6.14177,279.377711
2019-07-31 09:09:00,11749.62568,3.43025,281.141869
2019-07-31 09:14:00,11847.57238,0.741567,282.85347
2019-07-31 09:19:00,11925.35239,-1.923233,284.533015
2019-07-31 09:24:00,11982.76496,-4.563374,286.199977
2019-07-31 09:29:00,12019.66532,-7.178119,287.87325
2019-07-31 09:34:00,12035.96085,-9.766568,289.57156
2019-07-31 09:39:00,12031.60868,-12.327451,291.313854
2019-07-31 09:44:00,12006.61463,-14.858926,293.119677
2019-07-31 09:49:00,11961.03349,-17.358339,295.009541
2019-07-31 09:54:00,11894.97067,-19.821972,297.005281
2019-07-31 09:59:00,11808.58519,-22.244729,299.130397
2019-07-31 10:04:00,11702.09422,-24.619769,301.410368
2019-07-31 10:09:00,11575.7791,-26.93807,303.872887
2019-07-31 10:14:00,11429.99319,-29.187904,306.547981
2019-07-31 10:19:00,11265.1716,-31.354218,309.467895
2019-07-31 10:24:00,11081.84307,-33.417941,312.666626
2019-07-31 10:29:00,10880.64427,-35.355222,316.178887
2019-07-31 10:34:00,10662.33672,-37.136682,320.03827
2019-07-31 10:39:00,10427.82676,-38.726787,324.274342
2019-07-31 10:44:00,10178.18862,-40.083539,328.908487
2019-07-31 10:49:00,9914.69098,-41.158755,333.948594
2019-07-31 10:54:00,9638.82689,-41.899225,339.38316
2019-07-31 10:59:00,9352.34702,-42.249025,345.176147
2019-07-31 11:04:00,9057.29548,-42.152996,351.264569
2019-07-31 11:09:00,8756.04708,-41.561085,357.560864
2019-07-31 11:14:00,8451.34388,-40.432782,3.961032
2019-07-31 11:19:00,8146.32778,-38.740727,10.357426
2019-07-31 11:24:00,7844.56403,-36.472749,16.652982
2019-07-31 11:29:00,7550.04901,-33.632172,22.772988
2019-07-31 11:34:00,7267.19349,-30.236843,28.671731
2019-07-31 11:39:00,7000.77086,-26.317718,34.333595
2019-07-31 11:44:00,6755.81988,-21.917712,39.770027
2019-07-31 11:49:00,6537.49314,-17.091222,45.014537
2019-07-31 11:54:00,6350.84804,-11.904272,50.117492
2019-07-31 11:59:00,6200.58677,-6.43493,55.141778
2019-07-31 12:04:00,6090.76454,-0.773498,60.159611
2019-07-31 12:09:00,6024.49893,4.977968,65.250281
2019-07-31 12:14:00,6003.72219,10.707097,70.498207
2019-07-31 12:19:00,6029.01851,16.293602,75.990427
2019-07-31 12:24:00,6099.57629,21.612512,81.81228
2019-07-31 12:29:00,6213.26415,26.538103,88.039856
2019-07-31 12:34:00,6366.81524,30.948687,94.727906
2019-07-31 12:39:00,6556.08581,34.732797,101.893088
2019-07-31 12:44:00,6776.34549,37.797335,109.495404
2019-07-31 12:49:00,7022.55984,40.077446,117.425068
2019-07-31 12:54:00,7289.63652,41.546116,125.504962
2019-07-31 12:59:00,7572.61952,42.219714,133.51512
2019-07-31 13:04:00,7866.8277,42.15594,141.234019
2019-07-31 13:09:00,8167.94219,41.443697,148.480002
2019-07-31 13:14:00,8472.0516,40.188284,155.136031
2019-07-31 13:19:00,8775.66518,38.496976,161.152372
2019-07-31 13:24:00,9075.70357,36.468577,166.533522
2019-07-31 13:29:00,9369.47532,34.187901,171.319573
2019-07-31 13:34:00,9654.64527,31.72422,175.569344
2019-07-31 13:39:00,9929.19932,29.132155,179.34825
2019-07-31 13:44:00,10191.40865,26.453701,182.720902
2019-07-31 13:49:00,10439.79536,23.720534,185.74726
2019-07-31 13:54:00,10673.10056,20.95619,188.481087
2019-07-31 13:59:00,10890.25553,18.177913,190.969717
2019-07-31 14:04:00,11090.35616,15.398166,193.254489
2019-07-31 14:09:00,11272.64057,12.625815,195.371474
2019-07-31 14:14:00,11436.46986,9.867054,197.35229
2019-07-31 14:19:00,11581.31158,7.126116,199.22489
2019-07-31 14:24:00,11706.72589,4.405826,201.014286
2019-07-31 14:29:00,11812.35388,1.708027,202.743202
2019-07-31 14:34:00,11897.90812,-0.966073,204.432644
2019-07-31 14:39:00,11963.165,-3.615629,206.102416
2019-07-31 14:44:00,12007.95874,-6.239915,207.77158
2019-07-31 14:49:00,12032.17701,-8.838114,209.458879
2019-07-31 14:54:00,12035.75802,-11.409119,211.183136
2019-07-31 14:59:00,12018.6889,-13.95132,212.963629
2019-07-31 15:04:00,11981.00549,-16.462392,214.820468
2019-07-31 15:09:00,11922.79344,-18.93904,216.774953
2019-07-31 15:14:00,11844.19072,-21.376712,218.849921
2019-07-31 15:19:00,11745.39151,-23.769258,221.070073
2019-07-31 15:24:00,11626.65165,-26.108516,223.462244
2019-07-31 15:29:00,11488.29578,-28.383822,226.05557
2019-07-31 15:34:00,11330.72631,-30.58143,228.88147
2019-07-31 15:39:00,11154.43446,-32.683847,231.973332
2019-07-31 15:44:00,10960.01357,-34.66909,235.365704
2019-07-31 15:49:00,10748.17503,-36.509926,239.09279
2019-07-31 15:54:00,10519.767,-38.173189,243.185964
2019-07-31 15:59:00,10275.79628,-39.619326,247.670091
2019-07-31 16:04:00,10017.45354,-40.80243,252.558616
2019-07-31 16:09:00,9746.14193,-41.671038,257.847792
2019-07-31 16:14:00,9463.50913,-42.169999,263.511079
2019-07-31 16:19:00,9171.48225,-42.243526,269.495494
2019-07-31 16:24:00,8872.30476,-41.839275,275.722037
2019-07-31 16:29:00,8568.57365,-40.912829,282.09169
2019-07-31 16:34:00,8263.27401,-39.431707,288.496744
2019-07-31 16:39:00,7959.80672,-37.378018,294.834902
2019-07-31 16:44:00,7662.00322,-34.749378,301.022325
2019-07-31 16:49:00,7374.11934,-31.558335,307.002313
2019-07-31 16:54:00,7100.79821,-27.831024,312.748359
2019-07-31 16:59:00,6846.9917,-23.605862,318.262418
2019-07-31 17:04:00,6617.83043,-18.932822,323.570414
2019-07-31 17:09:00,6418.43668,-13.873376,328.716971
2019-07-31 17:14:00,6253.68238,-8.500887,333.760699
2019-07-31 17:19:00,6127.90636,-2.900953,338.770603
2019-07-31 17:24:00,6044.61863,2.828765,343.823537
2019-07-31 17:29:00,6006.23101,8.579591,349.00225
2019-07-31 17:34:00,6013.8574,14.233874,354.393216
2019-07-31 17:39:00,6067.21956,19.667923,0.083149
2019-07-31 17:44:00,6164.67618,24.755672,6.152831
2019-07-31 17:49:00,6303.3689,29.373118,12.666808
2019-07-31 17:54:00,6479.45714,33.403923,19.658208
2019-07-31 17:59:00,6688.40129,36.746815,27.110201
2019-07-31 18:04:00,6925.25222,39.324981,34.939655
2019-07-31 18:09:00,7184.91403,41.096184,42.992608
2019-07-31 18:14:00,7462.35916,42.060339,51.060438
2019-07-31 18:19:00,7752.78809,42.260585,58.916499
2019-07-31 18:24:00,8051.73556,41.775924,66.359893
2019-07-31 18:29:00,8355.13072,40.707536,73.247903
2019-07-31 18:34:00,8659.3214,39.163625,79.506639
2019-07-31 18:39:00,8961.07245,37.247205,85.122606
2019-07-31 18:44:00,9257.54688,35.048778,90.12497
2019-07-31 18:49:00,9546.27672,32.643474,94.567428
2019-07-31 18:54:00,9825.12881,30.091219,98.514172
2019-07-31 18:59:00,10092.26892,27.438467,102.030827
2019-07-31 19:04:00,10346.12666,24.720479,105.179441
2019-07-31 19:09:00,10585.36257,21.96359,108.016222
2019-07-31 19:14:00,10808.83807,19.187189,110.590907
2019-07-31 19:19:00,11015.58858,16.405356,112.947018
2019-07-31 19:24:00,11204.80002,13.628169,115.122513
2019-07-31 19:29:00,11375.7883,10.862715,117.150586
2019-07-31 19:34:00,11527.98184,8.113878,119.060471
2019-07-31 19:39:00,11660.90668,5.384945,120.878203
2019-07-31 19:44:00,11774.17402,2.678074,122.62729
2019-07-31 19:49:00,11867.46996,-0.005331,124.329317
2019-07-31 19:54:00,11940.54713,-2.664321,126.004484
2019-07-31 19:59:00,11993.21812,-5.298153,127.672078
2019-07-31 20:04:00,12025.35046,-7.906069,129.350916
2019-07-31 20:09:00,12036.86318,-10.487092,131.059747
2019-07-31 20:14:00,12027.7247,-13.039822,132.817636
2019-07-31 20:19:00,11997.95205,-15.562223,134.644343
2019-07-31 20:24:00,11947.61153,-18.051388,136.56068
2019-07-31 20:29:00,11876.8206,-20.503264,138.58887
2019-07-31 20:34:00,11785.75126,-22.912331,140.752879
2019-07-31 20:39:00,11674.63491,-25.271221,143.078708
2019-07-31 20:44:00,11543.76877,-27.570255,145.594611
2019-07-31 20:49:00,11393.52419,-29.796901,148.331148
2019-07-31 20:54:00,11224.3568,-31.935137,151.320997
2019-07-31 20:59:00,11036.81898,-33.964736,154.598353
2019-07-31 21:04:00,10831.57472,-35.860511,158.197705
2019-07-31 21:09:00,10609.41722,-37.591586,162.151743
2019-07-31 21:14:00,10371.28958,-39.120841,166.488144
2019-07-31 21:19:00,10118.30865,-40.404736,171.225106
2019-07-31 21:24:00,9851.79241,-41.393793,176.36583
2019-07-31 21:29:00,9573.29067,-42.034037,181.892712
2019-07-31 21:34:00,9284.61899,-42.269613,187.762754
2019-07-31 21:39:00,8987.89501,-42.046512,193.906267
2019-07-31 21:44:00,8685.57574,-41.316993,200.230738
2019-07-31 21:49:00,8380.49359,-40.04385,206.630339
2019-07-31 21:54:00,8075.88732,-38.203635,212.999373
2019-07-31 21:59:00,7775.4226,-35.788217,219.24612
2019-07-31 22:04:00,7483.19495,-32.804684,225.30336
2019-07-31 22:09:00,7203.70577,-29.274198,231.133497
2019-07-31 22:14:00,6941.80096,-25.2306,236.728399
2019-07-31 22:19:00,6702.56163,-20.719446,242.105697
2019-07-31 22:24:00,6491.13916,-15.797722,247.30363
2019-07-31 22:29:00,6312.53335,-10.534134,252.376038
2019-07-31 22:34:00,6171.32269,-5.009536,257.388358
2019-07-31 22:39:00,6071.42074,0.684095,262.415513
2019-07-31 22:44:00,6015.59629,6.439961,267.536533
2019-07-31 22:49:00,6005.51917,12.144509,272.837803
2019-07-31 22:54:00,6041.44857,17.67589,278.406549
2019-07-31 22:59:00,6122.25488,22.908366,284.326813
2019-07-31 23:04:00,6245.52312,27.716432,290.670822
2019-07-31 23:09:00,6407.75804,31.97993,297.485584
2019-07-31 23:14:00,6604.65386,35.59073,304.775149
2019-07-31 23:19:00,6831.38587,38.461468,312.482432
2019-07-31 23:24:00,7082.88656,40.535712,320.478982
2019-07-31 23:29:00,7354.08054,41.797011,328.572803
2019-07-31 23:34:00,7640.06578,42.272814,336.538351
2019-07-31 23:39:00,7936.23955,42.030219,344.159972
2019-07-31 23:44:00,8238.37523,41.164127,351.270553
2019-07-31 23:49:00,8542.65909,39.781974,357.770658
2019-07-31 23:54:00,8845.69747,37.990005,3.626187
2019-07-31 23:59:00,9144.5036,35.884062,8.852818
2019-08-01 00:04:00,9436.47176,33.545201,13.497189
2019-08-01 00:09:00,9719.34446,31.038923,17.621048
2019-08-01 00:14:00,9991.17693,28.416478,21.290385
2019-08-01 00:19:00,10250.30149,25.717039,24.569052
2019-08-01 00:24:00,10495.29371,22.970019,27.515637
2019-08-01 00:29:00,10724.9412,20.19718,30.182339
2019-08-01 00:34:00,10938.21548,17.414404,32.614964
2019-08-01 00:39:00,11134.24724,14.63312,34.853472
2019-08-01 00:44:00,11312.30466,11.861416,36.932749
2019-08-01 00:49:00,11471.77482,9.104909,38.883423
2019-08-01 00:54:00,11612.14782,6.367411,40.732643
2019-08-01 00:59:00,11733.00347,3.651448,42.504788
2019-08-01 01:04:00,11834.00016,0.958661,44.222097
2019-08-01 01:09:00,11914.8658,-1.709867,45.90523
2019-08-01 01:14:00,11975.3906,-4.353346,47.573763
2019-08-01 01:19:00,12015.42147,-6.971049,49.246643
2019-08-01 01:24:00,12034.85795,-9.562103,50.9426
2019-08-01 01:29:00,12033.64962,-12.125288,52.680538
2019-08-01 01:34:00,12011.79484,-14.658828,54.479918
2019-08-01 01:39:00,11969.34081,-17.160164,56.361118
2019-08-01 01:44:00,11906.385,-19.625699,58.345794
2019-08-01 01:49:00,11823.07796,-22.050492,60.457222
2019-08-01 01:54:00,11719.62759,-24.427904,62.720609
2019-08-01 01:59:00,11596.30497,-26.749165,65.16334
2019-08-01 02:04:00,11453.45186,-29.002867,67.815101
2019-08-01 02:09:00,11291.49018,-31.174355,70.707796
2019-08-01 02:14:00,11110.93355,-33.24505,73.875115
2019-08-01 02:19:00,10912.40118,-35.191698,77.351562
2019-08-01 02:24:00,10696.63438,-36.985623,81.170722
2019-08-01 02:29:00,10464.51608,-38.592095,85.362478
2019-08-01 02:34:00,10217.0934,-39.969984,89.94902
2019-08-01 02:39:00,9955.60368,-41.071968,94.939669
2019-08-01 02:44:00,9681.50391,-41.845589,100.325063
2019-08-01 02:49:00,9396.5035,-42.235423,106.071923
2019-08-01 02:54:00,9102.59979,-42.186413,112.120312
2019-08-01 02:59:00,8802.11519,-41.648098,118.385457
2019-08-01 03:04:00,8497.73407,-40.579032,124.76523
2019-08-01 03:09:00,8192.53615,-38.950467,131.152459
2019-08-01 03:14:00,7890.02185,-36.748553,137.449032
2019-08-01 03:19:00,7594.12295,-33.974803,143.577971
2019-08-01 03:24:00,7309.19011,-30.645248,149.490619
2019-08-01 03:29:00,7039.94717,-26.789051,155.168291
2019-08-01 03:34:00,6791.40132,-22.447335,160.619649
2019-08-01 03:39:00,6568.70013,-17.67266,165.875876
2019-08-01 03:44:00,6376.93106,-12.529139,170.985507
2019-08-01 03:49:00,6220.86822,-7.092892,176.010013
2019-08-01 03:54:00,6104.68366,-1.452332,181.020536
2019-08-01 03:59:00,6031.65393,4.292174,186.095578
2019-08-01 04:04:00,6003.90328,10.029572,191.319095
2019-08-01 04:09:00,6022.22573,15.64038,196.778117
2019-08-01 04:14:00,6086.01895,20.999806,202.55873
2019-08-01 04:19:00,6193.34195,25.981593,208.738963
2019-08-01 04:24:00,6341.08494,30.462716,215.377218
2019-08-01 04:29:00,6525.21919,34.329421,222.495872
2019-08-01 04:34:00,6741.08514,37.485215,230.062464
2019-08-01 04:39:00,6983.67824,39.860724,237.975224
2019-08-01 04:44:00,7247.90179,41.423632,246.063148
2019-08-01 04:49:00,7528.76949,42.185016,254.108051
2019-08-01 04:54:00,7821.55225,42.198314,261.884972
2019-08-01 04:59:00,8121.87281,41.549939,269.20495
2019-08-01 05:04:00,8425.7567,40.344622,275.942458
2019-08-01 05:09:00,8729.64961,38.690579,282.040451
2019-08-01 05:14:00,9030.41104,36.688427,287.49841
2019-08-01 05:19:00,9325.29254,34.425083,292.353696
2019-08-01 05:24:00,9611.90697,31.971836,296.664131
2019-08-01 05:29:00,9888.19369,29.385059,300.495211
2019-08-01 05:34:00,10152.38269,26.708167,303.912193
2019-08-01 05:39:00,10402.95994,23.973954,306.975913
2019-08-01 05:44:00,10638.63503,21.206805,309.741044
2019-08-01 05:49:00,10858.31195,18.424603,312.255762
2019-08-01 05:54:00,11061.06292,15.640282,314.562144
2019-08-01 05:59:00,11246.10564,12.863052,316.696887
2019-08-01 06:04:00,11412.78349,10.099355,318.692121
2019-08-01 06:09:00,11560.5487,7.353601,320.57621
2019-08-01 06:14:00,11688.94799,4.628734,322.374491
2019-08-01 06:19:00,11797.61073,1.926679,324.109937
2019-08-01 06:24:00,11886.23904,-0.751311,325.803736
2019-08-01 06:29:00,11954.59992,-3.404369,327.475816
2019-08-01 06:34:00,12002.51903,-6.03177,329.14531
2019-08-01 06:39:00,12029.87606,-8.63272,330.830981
2019-08-01 06:44:00,12036.60155,-11.206149,332.551628
2019-08-01 06:49:00,12022.67518,-13.750513,334.326461
2019-08-01 06:54:00,11988.12525,-16.263567,336.175474
2019-08-01 06:59:00,11933.02964,-18.742127,338.119805
2019-08-01 07:04:00,11857.51808,-21.181785,340.182083
2019-08-01 07:09:00,11761.77581,-23.576572,342.386756
2019-08-01 07:14:00,11646.04881,-25.918559,344.760364
2019-08-01 07:19:00,11510.65068,-28.197376,347.331712
2019-08-01 07:24:00,11355.97128,-30.399645,350.131879
2019-08-01 07:29:00,11182.48748,-32.508327,353.193923
2019-08-01 07:34:00,10990.7761,-34.501994,356.552144
2019-08-01 07:39:00,10781.52942,-36.354079,0.24065
2019-08-01 07:44:00,10555.57347,-38.032182,4.290997
2019-08-01 07:49:00,10313.88943,-39.497599,8.728658
2019-08-01 07:54:00,10057.63828,-40.705293,13.568264
2019-08-01 07:59:00,9788.18899,-41.604609,18.807943
2019-08-01 08:04:00,9507.14999,-42.141002,24.423706
2019-08-01 08:09:00,9216.40376,-42.258948,30.365558
2019-08-01 08:14:00,8918.14351,-41.905893,36.557446
2019-08-01 08:19:00,8614.91048,-41.036677,42.902628
2019-08-01 08:24:00,8309.62914,-39.617588,49.294417
2019-08-01 08:29:00,8005.63628,-37.629147,55.630016
2019-08-01 08:34:00,7706.69819,-35.067201,61.823721
2019-08-01 08:39:00,7417.00825,-31.942479,67.816078
2019-08-01 08:44:00,7141.15519,-28.27932,73.577508
2019-08-01 08:49:00,6884.05143,-24.114361,79.10705
2019-08-01 08:54:00,6650.81138,-19.495759,84.428127
2019-08-01 08:59:00,6446.57301,-14.483106,89.583353
2019-08-01 09:04:00,6276.26354,-9.147821,94.62978
2019-08-01 09:09:00,6144.32143,-3.573573,99.635218
2019-08-01 09:14:00,6054.40029,2.143764,104.675628
2019-08-01 09:19:00,6009.09286,7.896997,109.83316
2019-08-01 09:24:00,6009.71814,13.569495,115.194082
2019-08-01 09:29:00,6056.2097,19.037995,120.845527
2019-08-01 09:34:00,6147.12589,24.176187,126.869709
2019-08-01 09:39:00,6279.77958,28.85905,133.334132
2019-08-01 09:44:00,6450.46198,32.968335,140.276865
2019-08-01 09:49:00,6654.72111,36.399802,147.688041
2019-08-01 09:54:00,6887.6528,39.072513,155.492623
2019-08-01 09:59:00,7144.16894,40.93914,163.543806
2019-08-01 10:04:00,7419.22062,41.994172,171.636593
2019-08-01 10:09:00,7707.9662,42.275973,179.542793
2019-08-01 10:14:00,8005.88523,41.860333,187.055345
2019-08-01 10:19:00,8308.84498,40.847172,194.023134
2019-08-01 10:24:00,8613.12947,39.345145,200.364299
2019-08-01 10:29:00,8915.44121,37.458836,206.059411
2019-08-01 10:34:00,9212.88443,35.280801,211.134104
2019-08-01 10:39:00,9502.93719,32.888258,215.640511
2019-08-01 10:44:00,9783.41767,30.342996,219.642578
2019-08-01 10:49:00,10052.44838,27.693018,223.206419
2019-08-01 10:54:00,10308.42091,24.974814,226.394902
2019-08-01 10:59:00,10549.96257,22.215661,229.265151
2019-08-01 11:04:00,10775.90588,19.435661,231.867781
2019-08-01 11:09:00,10985.26129,16.649422,234.247096
2019-08-01 11:14:00,11177.19308,13.867411,236.44172
2019-08-01 11:19:00,11350.99846,11.096994,238.4854
2019-08-01 11:24:00,11506.08963,8.343257,240.407821
2019-08-01 11:29:00,11641.97852,5.609625,242.235372
2019-08-01 11:34:00,11758.26399,2.898351,243.991838
2019-08-01 11:39:00,11854.62123,0.210897,245.69901
2019-08-01 11:44:00,11930.79309,-2.451758,247.377231
2019-08-01 11:49:00,11986.58332,-5.088866,249.04588
2019-08-01 11:54:00,12021.85126,-7.699683,250.723814
2019-08-01 11:59:00,12036.50819,-10.283264,252.429772
2019-08-01 12:04:00,12030.515,-12.838264,254.182769
2019-08-01 12:09:00,12003.88126,-15.362721,256.002465
2019-08-01 12:14:00,11956.66558,-17.853828,257.909529
2019-08-01 12:19:00,11888.9774,-20.307662,259.925993
2019-08-01 12:24:00,11800.98008,-22.718871,262.075586
2019-08-01 12:29:00,11692.89552,-25.080299,264.384031
2019-08-01 12:34:00,11565.0104,-27.382537,266.879262
2019-08-01 12:39:00,11417.68411,-29.613391,269.5915
2019-08-01 12:44:00,11251.35869,-31.757259,272.553087
2019-08-01 12:49:00,11066.57084,-33.794433,275.797933
2019-08-01 12:54:00,10863.96649,-35.700346,279.360364
2019-08-01 12:59:00,10644.31794,-37.444854,283.273136
2019-08-01 13:04:00,10408.54401,-38.991656,287.564358
2019-08-01 13:09:00,10157.73352,-40.298083,292.253186
2019-08-01 13:14:00,9893.17201,-41.315497,297.344432
2019-08-01 13:19:00,9616.37204,-41.990618,302.822803
2019-08-01 13:24:00,9329.10663,-42.267996,308.648163
2019-08-01 13:29:00,9033.4453,-42.0936,314.753847
2019-08-01 13:34:00,8731.79136,-41.419143,321.049931
2019-08-01 13:39:00,8426.91834,-40.206361,327.432116
2019-08-01 13:44:00,8122.002,-38.430339,333.794772
2019-08-01 13:49:00,7820.64288,-36.081226,340.044781
2019-08-01 13:54:00,7526.87246,-33.164308,346.112437
2019-08-01 13:59:00,7245.13392,-29.698945,351.957134
2019-08-01 14:04:00,6980.22705,-25.7172,357.567733
2019-08-01 14:09:00,6737.20681,-21.262834,2.959197
2019-08-01 14:14:00,6521.22707,-16.390983,8.167576
2019-08-01 14:19:00,6337.32698,-11.168427,13.244996
2019-08-01 14:24:00,6190.16745,-5.674072,18.255571
2019-08-01 14:29:00,6083.73804,0.00085,23.272442
2019-08-01 14:34:00,6021.06828,5.753305,28.375657
2019-08-01 14:39:00,6003.98547,11.469952,33.650256
2019-08-01 14:44:00,6032.9606,17.029613,39.183606
2019-08-01 14:49:00,6107.07076,22.306569,45.06074
2019-08-01 14:54:00,6224.08486,27.174604,51.356204
2019-08-01 14:59:00,6380.65549,31.512005,58.12117
2019-08-01 15:04:00,6572.58149,35.208088,65.365949
2019-08-01 15:09:00,6795.09884,38.171792,73.041329
2019-08-01 15:14:00,7043.16103,40.341898,81.026695
2019-08-01 15:19:00,7311.68126,41.696538,89.135302
2019-08-01 15:24:00,7595.72213,42.258006,97.142071
2019-08-01 15:29:00,7890.62968,42.089514,104.826696
2019-08-01 15:34:00,8192.11712,41.283962,112.014155
2019-08-01 15:39:00,8496.30698,39.948654,118.596601
2019-08-01 15:44:00,8799.74222,38.191068,124.533127
2019-08-01 15:49:00,9099.37561,36.108987,129.834996
2019-08-01 15:54:00,9392.54539,33.785585,134.546616
2019-08-01 15:59:00,9676.94325,31.288332,138.729073
2019-08-01 16:04:00,9950.57903,28.670149,142.448626
2019-08-01 16:09:00,10211.74499,25.971556,145.769862
2019-08-01 16:14:00,10458.98163,23.22301,148.75227
2019-08-01 16:19:00,10691.04603,20.447067,151.448949
2019-08-01 16:24:00,10906.88326,17.660203,153.906527
2019-08-01 16:29:00,11105.6011,14.874279,156.165674
2019-08-01 16:34:00,11286.44796,12.097704,158.261873
2019-08-01 16:39:00,11448.79376,9.336321,160.226236
2019-08-01 16:44:00,11592.11374,6.594105,162.086303
2019-08-01 16:49:00,11715.9747,3.873688,163.866757
2019-08-01 16:54:00,11820.02359,1.176784,165.590067
2019-08-01 16:59:00,11903.97816,-1.495486,167.27706
2019-08-01 17:04:00,11967.61942,-4.142317,168.947422
2019-08-01 17:09:00,12010.78585,-6.762988,170.620155
2019-08-01 17:14:00,12033.36911,-9.356655,172.314001
2019-08-01 17:19:00,12035.31117,-11.922141,174.047828
2019-08-01 17:24:00,12016.60292,-14.457738,175.841012
2019-08-01 17:29:00,11977.28397,-16.960978,177.713805
2019-08-01 17:34:00,11917.44391,-19.428383,179.687688
2019-08-01 17:39:00,11837.22489,-21.855164,181.785718
2019-08-01 17:44:00,11736.82566,-24.234878,184.032834
2019-08-01 17:49:00,11616.50715,-26.559005,186.456116
2019-08-01 17:54:00,11476.59975,-28.816444,189.084915
2019-08-01 17:59:00,11317.51241,-30.992936,191.95079
2019-08-01 18:04:00,11139.74388,-33.070379,195.087119
2019-08-01 18:09:00,10943.89624,-35.026107,198.528187
2019-08-01 18:14:00,10730.691,-36.832135,202.307545
2019-08-01 18:19:00,10500.98813,-38.454526,206.455356
2019-08-01 18:24:00,10255.80816,-39.85301,210.994557
2019-08-01 18:29:00,9996.3577,-40.98113,215.935831
2019-08-01 18:34:00,9724.05834,-41.787198,221.27188
2019-08-01 18:39:00,9440.57896,-42.216318,226.97212
2019-08-01 18:44:00,9147.87088,-42.213583,232.979649
2019-08-01 18:49:00,8848.20487,-41.728187,239.212528
2019-08-01 18:54:00,8544.20827,-40.717805,245.570624
2019-08-01 18:59:00,8238.89915,-39.152357,251.947403
2019-08-01 19:04:00,7935.7133,-37.016343,258.243875
2019-08-01 19:09:00,7638.51755,-34.309487,264.380919
2019-08-01 19:14:00,7351.6015,-31.04601,270.306995
2019-08-01 19:19:00,7079.63744,-27.253286,276.000354
2019-08-01 19:24:00,6827.59792,-22.970656,281.466829
2019-08-01 19:29:00,6600.62116,-18.248849,286.735229
2019-08-01 19:34:00,6403.81923,-13.150079,291.852194
2019-08-01 19:39:00,6242.03201,-7.748512,296.877731
2019-08-01 19:44:00,6119.54209,-2.130645,301.881862
2019-08-01 19:49:00,6039.77967,3.604889,306.942258
2019-08-01 19:54:00,6005.05739,9.348431,312.142348
2019-08-01 19:59:00,6016.37808,14.981393,317.569078
2019-08-01 20:04:00,6073.35033,20.379264,323.309155
2019-08-01 20:09:00,6174.22777,25.415368,329.442371
2019-08-01 20:14:00,6316.06348,29.965463,336.030552
2019-08-01 20:19:00,6494.9504,33.913634,343.101571
2019-08-01 20:24:00,6706.30625,37.160124,350.630381
2019-08-01 20:29:00,6945.16196,39.631141,358.523354
2019-08-01 20:34:00,7206.42087,41.289089,6.616032
2019-08-01 20:39:00,7485.06949,42.139654,14.692648
2019-08-01 20:44:00,7776.33266,42.2318,22.525371
2019-08-01 20:49:00,8075.77561,41.649194,29.918204
2019-08-01 20:54:00,8379.36094,40.495778,36.737067
2019-08-01 20:59:00,8683.47044,38.880575,42.917327
2019-08-01 21:04:00,8984.90175,36.905956,48.453134
2019-08-01 21:09:00,9280.84852,34.660943,53.37887
2019-08-01 21:14:00,9568.87075,32.218882,57.75119
2019-08-01 21:19:00,9846.86027,29.637939,61.635582
2019-08-01 21:24:00,10113.005,26.962999,65.09791
2019-08-01 21:29:00,10365.75393,24.228009,68.199879
2019-08-01 21:34:00,10603.78446,21.458237,70.997077
2019-08-01 21:39:00,10825.97256,18.672227,73.538538
2019-08-01 21:44:00,11031.36628,15.883402,75.867097
2019-08-01 21:49:00,11219.16236,13.101331,78.020087
2019-08-01 21:54:00,11388.68608,10.332715,80.030165
2019-08-01 21:59:00,11539.37394,7.582146,81.92612
2019-08-01 22:04:00,11670.75901,4.852696,83.733624
2019-08-01 22:09:00,11782.45863,2.146373,85.475906
2019-08-01 22:14:00,11874.1643,-0.535521,87.174344
2019-08-01 22:19:00,11945.63347,-3.192095,88.848996
2019-08-01 22:24:00,11996.68312,-5.822623,90.51907
2019-08-01 22:29:00,12027.18485,-8.426331,92.20336
2019-08-01 22:34:00,12037.06153,-11.002188,93.920641
2019-08-01 22:39:00,12026.28531,-13.548708,95.690061
2019-08-01 22:44:00,11994.87699,-16.063728,97.531502
2019-08-01 22:49:00,11942.9067,-18.544172,99.465945
2019-08-01 22:54:00,11870.49599,-20.985773,101.515817
2019-08-01 22:59:00,11777.82125,-23.382739,103.705316
2019-08-01 23:04:00,11665.11875,-25.727369,106.060691
2019-08-01 23:09:00,11532.69119,-28.00958,108.610421
2019-08-01 23:14:00,11380.9161,-30.216352,111.38524
2019-08-01 23:19:00,11210.25627,-32.331093,114.41788
2019-08-01 23:24:00,11021.27228,-34.332922,117.74238
2019-08-01 23:29:00,10814.6377,-36.195921,121.392733
2019-08-01 23:34:00,10591.15684,-37.888447,125.400645
2019-08-01 23:39:00,10351.78573,-39.372636,129.792144
2019-08-01 23:44:00,10097.65627,-40.604322,134.582982
2019-08-01 23:49:00,9830.10385,-41.533666,139.773088
2019-08-01 23:54:00,9550.69839,-42.106754,145.340949
2019-08-01 23:59:00,9261.27846,-42.268371,151.239525
2019-08-02 00:04:00,8963.98777,-41.965806,157.395734
2019-08-02 00:09:00,8661.31252,-41.15322,163.715202
2019-08-02 00:14:00,8356.11713,-39.795725,170.092417
2019-08-02 00:19:00,8051.67463,-37.872295,176.424257
2019-08-02 00:24:00,7751.68606,-35.377028,182.623297
2019-08-02 00:29:00,7460.28164,-32.318849,188.627412
2019-08-02 00:34:00,7181.9941,-28.720303,194.403974
2019-08-02 00:39:00,6921.69379,-24.616254,199.949081
2019-08-02 00:44:00,6684.47502,-20.053053,205.283602
2019-08-02 00:49:00,6475.48639,-15.08842,210.448086
2019-08-02 00:54:00,6299.70449,-9.791834,215.497972
2019-08-02 00:59:00,6161.66105,-4.245015,220.499829
2019-08-02 01:04:00,6065.14751,1.457988,225.528678
2019-08-02 01:09:00,6012.93314,7.21153,230.66602
2019-08-02 01:14:00,6006.54002,12.900084,235.997844
2019-08-02 01:19:00,6046.11416,18.40092,241.611597
2019-08-02 01:24:00,6130.41694,23.587588,247.59077
2019-08-02 01:29:00,6256.93781,28.334166,254.005609
2019-08-02 01:34:00,6422.10621,32.520623,260.898892
2019-08-02 01:39:00,6621.56446,36.039879,268.267541
2019-08-02 01:44:00,6850.45933,38.806995,276.04463
2019-08-02 01:49:00,7103.71543,40.769602,284.090835
2019-08-02 01:54:00,7376.26608,41.916714,292.205371
2019-08-02 01:59:00,7663.22984,42.281745,300.159132
2019-08-02 02:04:00,7960.03231,41.937021,307.739293
2019-08-02 02:09:00,8262.47928,40.980959,314.78639
2019-08-02 02:14:00,8566.79077,39.522494,321.210368
2019-08-02 02:19:00,8869.60632,37.667696,326.985553
2019-08-02 02:24:00,9167.97058,35.511162,332.133759
2019-08-02 02:29:00,9459.3067,33.13222,336.705359
2019-08-02 02:34:00,9741.38323,30.594571,340.763933
2019-08-02 02:39:00,10012.27854,27.947811,344.376029
2019-08-02 02:44:00,10270.3453,25.229701,347.605322
2019-08-02 02:49:00,10514.17681,22.468496,350.509853
2019-08-02 02:54:00,10742.57604,19.685035,353.141128
2019-08-02 02:59:00,10954.52783,16.894476,355.544248
2019-08-02 03:04:00,11149.1743,14.107689,357.75852
2019-08-02 03:09:00,11325.79353,11.332333,359.81826
2019-08-02 03:14:00,11483.78112,8.573702,1.753614
2019-08-02 03:19:00,11622.63458,5.835368,3.591338
2019-08-02 03:24:00,11741.94015,3.11968,5.355502
2019-08-02 03:29:00,11841.36187,0.428164,7.068111
2019-08-02 03:34:00,11920.6327,-2.238172,8.74966
2019-08-02 03:39:00,11979.54737,-4.878568,10.419622
2019-08-02 03:44:00,12017.95693,-7.492294,12.0969
2019-08-02 03:49:00,12035.76486,-10.078437,13.800233
2019-08-02 03:54:00,12032.92449,-12.635703,15.548585
2019-08-02 03:59:00,12009.43788,-15.162203,17.361523
2019-08-02 04:04:00,11965.35603,-17.655228,19.259576
2019-08-02 04:09:00,11900.78037,-20.110982,21.264592
2019-08-02 04:14:00,11815.86569,-22.524277,23.400067
2019-08-02 04:19:00,11710.82455,-24.888164,25.691449
2019-08-02 04:24:00,11585.93321,-27.193499,28.166356
2019-08-02 04:29:00,11441.53931,-29.428417,30.854672
2019-08-02 04:34:00,11278.0715,-31.57773,33.788402
2019-08-02 04:39:00,11096.05113,-33.622236,37.001161
2019-08-02 04:44:00,10896.1064,-35.537979,40.5271
2019-08-02 04:49:00,10678.98907,-37.295532,44.399012
2019-08-02 04:54:00,10445.59421,-38.859408,48.645395
2019-08-02 04:59:00,10196.9831,-40.1878,53.286299
2019-08-02 05:04:00,9934.40947,-41.232918,58.328078
2019-08-02 05:09:00,9659.3493,-41.942198,63.757673
2019-08-02 05:14:00,9373.5338,-42.260631,69.537757
2019-08-02 05:19:00,9078.98513,-42.134213,75.604689
2019-08-02 05:24:00,8778.05361,-41.514175,81.871203
2019-08-02 05:29:00,8473.45454,-40.361255,88.234664
2019-08-02 05:34:00,8168.30108,-38.649113,94.589682
2019-08-02 05:39:00,7866.12875,-36.366213,100.841896
2019-08-02 05:44:00,7570.90452,-33.516048,106.919225
2019-08-02 05:49:00,7287.0121,-30.116184,112.778097
2019-08-02 05:54:00,7019.20295,-26.196911,118.404354
2019-08-02 05:59:00,6772.5025,-21.800206,123.810249
2019-08-02 06:04:00,6552.06244,-16.979363,129.029586
2019-08-02 06:09:00,6362.95565,-11.79924,134.112719
2019-08-02 06:14:00,6209.91914,-6.336787,139.122394
2019-08-02 06:19:00,6097.06361,-0.681342,144.130701
2019-08-02 06:24:00,6027.58145,5.06574,149.216925
2019-08-02 06:29:00,6003.49476,10.792412,154.465668
2019-08-02 06:34:00,6025.48571,16.378265,159.964352
2019-08-02 06:39:00,6092.84028,21.697709,165.798869
2019-08-02 06:44:00,6203.51593,26.623934,172.045899
2019-08-02 06:49:00,6354.31925,31.033792,178.760549
2019-08-02 06:54:00,6541.16054,34.814179,185.959187
2019-08-02 06:59:00,6759.34295,37.87046,193.600402
2019-08-02 07:04:00,7003.84654,40.136713,201.571616
2019-08-02 07:09:00,7269.57744,41.585641,209.691828
2019-08-02 07:14:00,7551.56588,42.234253,217.737055
2019-08-02 07:19:00,7845.1085,42.14164,225.482835
2019-08-02 07:24:00,8145.8592,41.398452,232.746399
2019-08-02 07:29:00,8449.87694,40.111663,239.411348
2019-08-02 07:34:00,8753.64097,38.389869,245.429663
2019-08-02 07:39:00,9054.04292,36.332763,250.80789
2019-08-02 07:44:00,9348.36419,34.025651,255.587981
2019-08-02 07:49:00,9634.24478,31.538014,259.830219
2019-08-02 07:54:00,9909.64824,28.924494,263.601061
2019-08-02 07:59:00,10172.82593,26.227001,266.965805
2019-08-02 08:04:00,10422.28249,23.477075,269.984841
2019-08-02 08:09:00,10656.74378,20.698094,272.712181
2019-08-02 08:14:00,10875.12778,17.907148,275.195291
2019-08-02 08:19:00,11076.51887,15.116553,277.47557
2019-08-02 08:24:00,11260.14517,12.335047,279.589111
2019-08-02 08:29:00,11425.35909,9.568711,281.567527
2019-08-02 08:34:00,11571.62065,6.821685,283.438759
2019-08-02 08:39:00,11698.48335,4.096717,285.227804
2019-08-02 08:44:00,11805.5825,1.395595,286.957372
2019-08-02 08:49:00,11892.62546,-1.280518,288.648462
2019-08-02 08:54:00,11959.38394,-3.930801,290.320877
2019-08-02 08:59:00,12005.68787,-6.554538,291.993683
2019-08-02 09:04:00,12031.42094,-9.150907,293.685636
2019-08-02 09:09:00,12036.51749,-11.718779,295.415573
2019-08-02 09:14:00,12020.96089,-14.256509,297.202795
2019-08-02 09:19:00,11984.78321,-16.761718,299.06743
2019-08-02 09:24:00,11928.0662,-19.231041,301.030792
2019-08-02 09:29:00,11850.9437,-21.659843,303.115722
2019-08-02 09:34:00,11753.60542,-24.041869,305.346901
2019-08-02 09:39:00,11636.30231,-26.368839,307.751107
2019-08-02 09:44:00,11499.35355,-28.629961,310.357361
2019-08-02 09:49:00,11343.15536,-30.811351,313.19688
2019-08-02 09:54:00,11168.19194,-32.895381,316.302728
2019-08-02 09:59:00,10975.04858,-34.859952,319.708963
2019-08-02 10:04:00,10764.42739,-36.677761,323.44908
2019-08-02 10:09:00,10537.16586,-38.315648,327.553488
2019-08-02 10:14:00,10294.25848,-39.734192,332.045811
2019-08-02 10:19:00,10036.88173,-40.887801,336.938024
2019-08-02 10:24:00,9766.4225,-41.725559,342.224804
2019-08-02 10:29:00,9484.5099,-42.193132,347.878191
2019-08-02 10:34:00,9193.05,-42.235807,353.844275
2019-08-02 10:39:00,8894.26273,-41.80249,0.043974
2019-08-02 10:44:00,8590.71909,-40.850046,6.379249
2019-08-02 10:49:00,8285.37607,-39.347116,12.744353
2019-08-02 10:54:00,7981.60502,-37.276598,19.039586
2019-08-02 10:59:00,7683.2076,-34.636452,25.183816
2019-08-02 11:04:00,7394.41135,-31.439106,31.122696
2019-08-02 11:09:00,7119.83513,-27.710159,36.831434
2019-08-02 11:14:00,6864.41373,-23.487182,42.313015
2019-08-02 11:19:00,6633.27167,-18.81909,47.593826
2019-08-02 11:24:00,6431.54009,-13.766204,52.718568
2019-08-02 11:29:00,6264.11817,-8.400737,57.74574
2019-08-02 11:34:00,6135.39245,-2.807249,62.744199
2019-08-02 11:39:00,6048.94089,2.917412,67.790745
2019-08-02 11:44:00,6007.26033,8.665048,72.968232
2019-08-02 11:49:00,6011.56069,14.318063,78.363445
2019-08-02 11:54:00,6061.66271,19.752334,84.0636
2019-08-02 11:59:00,6156.01837,24.840878,90.150083
2019-08-02 12:04:00,6291.84943,29.458354,96.687929
2019-08-02 12:09:00,6465.37715,33.48682,103.710281
2019-08-02 12:14:00,6672.10329,36.823384,111.199371
2019-08-02 12:19:00,6907.10024,39.389943,119.069798
2019-08-02 12:24:00,7165.27622,41.143646,127.164045
2019-08-02 12:29:00,7441.59405,42.084705,135.269375
2019-08-02 12:34:00,7731.23476,42.257402,143.155665
2019-08-02 12:39:00,8029.70729,41.742407,150.620183
2019-08-02 12:44:00,8332.91172,40.64265,157.520249
2019-08-02 12:49:00,8637.16572,39.067808,163.783379
2019-08-02 12:54:00,8939.20455,37.121948,169.398074
2019-08-02 12:59:00,9236.1632,34.896202,174.395473
2019-08-02 13:04:00,9525.54788,32.466005,178.830894
2019-08-02 13:09:00,9805.20207,29.891365,182.769722
2019-08-02 13:14:00,10073.27068,27.218682,186.278393
2019-08-02 13:19:00,10328.16496,24.483098,189.41947
2019-08-02 13:24:00,10568.52934,21.710794,192.249467
2019-08-02 13:29:00,10793.21117,18.921003,194.818293
2019-08-02 13:34:00,11001.23371,16.127655,197.169555
2019-08-02 13:39:00,11191.77227,13.340693,199.341241
2019-08-02 13:44:00,11364.1336,10.567085,201.366549
2019-08-02 13:49:00,11517.73813,7.811614,203.274706
2019-08-02 13:54:00,11652.10494,5.077486,205.09173
2019-08-02 13:59:00,11766.83911,2.366794,206.841115
2019-08-02 14:04:00,11861.6213,-0.319105,208.544438
2019-08-02 14:09:00,11936.19929,-2.979294,210.221892
2019-08-02 14:14:00,11990.38122,-5.613047,211.89277
2019-08-02 14:19:00,12024.03053,-8.219606,213.575897
2019-08-02 14:24:00,12037.06234,-10.797977,215.290037
2019-08-02 14:29:00,12029.44129,-13.346731,217.054274
2019-08-02 14:34:00,12001.18064,-15.863785,218.888387
2019-08-02 14:39:00,11952.34282,-18.346169,220.813206
2019-08-02 14:44:00,11883.04127,-20.78975,222.850961
2019-08-02 14:49:00,11793.44366,-23.188912,225.025608
2019-08-02 14:54:00,11683.77665,-25.536175,227.363108
2019-08-02 14:59:00,11554.33223,-27.821734,229.89162
2019-08-02 15:04:00,11405.47584,-30.032923,232.64154
2019-08-02 15:09:00,11237.65642,-32.153583,235.645271
2019-08-02 15:14:00,11051.41869,-34.163364,238.936582
2019-08-02 15:19:00,10847.41783,-36.036987,242.549339
2019-08-02 15:24:00,10626.43691,-37.743552,246.515367
2019-08-02 15:29:00,10389.40734,-39.246018,250.861202
2019-08-02 15:34:00,10137.43252,-40.501089,255.603647
2019-08-02 15:39:00,9871.81492,-41.459741,260.74435
2019-08-02 15:44:00,9594.08666,-42.068718,266.264194
2019-08-02 15:49:00,9306.0432,-42.273146,272.119034
2019-08-02 15:54:00,9009.77952,-42.020216,278.23876
2019-08-02 15:59:00,8707.72752,-41.263473,284.531437
2019-08-02 16:04:00,8402.6922,-39.966914,290.892862
2019-08-02 16:09:00,8097.88318,-38.108018,297.219754
2019-08-02 16:14:00,7796.9362,-35.679166,303.423114
2019-08-02 16:19:00,7503.91765,-32.687496,309.438246
2019-08-02 16:24:00,7223.30273,-29.153777,315.229516
2019-08-02 16:29:00,6959.91708,-25.111109,320.790068
2019-08-02 16:34:00,6718.83103,-20.604053,326.138185
2019-08-02 16:39:00,6505.1987,-15.68847,331.3123
2019-08-02 16:44:00,6324.03984,-10.4319,336.366193
2019-08-02 16:49:00,6179.97284,-4.914106,341.365149
2019-08-02 16:54:00,6076.92065,0.772729,346.383212
2019-08-02 16:59:00,6017.82415,6.524569,351.501185
2019-08-02 17:04:00,6004.40578,12.22708,356.804716
2019-08-02 17:09:00,6037.0241,17.758167,2.381467
2019-08-02 17:14:00,6114.64634,22.99135,8.316059
2019-08-02 17:19:00,6234.94369,27.799928,14.681283
2019-08-02 17:24:00,6394.49029,32.062209,21.524391
2019-08-02 17:29:00,6589.02962,35.668412,28.84891
2019-08-02 17:34:00,6813.76572,38.52971,36.596013
2019-08-02 17:39:00,7063.64127,40.588767,44.634137
2019-08-02 17:44:00,7333.5758,41.829073,52.767265
2019-08-02 17:49:00,7618.65083,42.278927,60.766007
2019-08-02 17:54:00,7914.23961,42.006949,68.412197
2019-08-02 17:59:00,8216.0871,41.109803,75.538096
2019-08-02 18:04:00,8520.34935,39.696529,82.045253
2019-08-02 18:09:00,8823.60251,37.874587,87.901428
2019-08-02 18:14:00,9122.8309,35.740598,93.124329
2019-08-02 18:19:00,9415.40192,33.37603,97.762357
2019-08-02 18:24:00,9699.03363,30.846536,101.87861
2019-08-02 18:29:00,9971.75933,28.203358,105.540013
2019-08-02 18:34:00,10231.89194,25.485567,108.811033
2019-08-02 18:39:00,10477.98999,22.722432,111.750628
2019-08-02 18:44:00,10708.82622,19.935559,114.411212
2019-08-02 18:49:00,10923.35923,17.140677,116.8387
2019-08-02 18:54:00,11120.70849,14.349074,119.0731
2019-08-02 18:59:00,11300.13246,11.568714,121.149311
2019-08-02 19:04:00,11461.00977,8.805107,123.097954
2019-08-02 19:09:00,11602.82317,6.061976,124.946165
2019-08-02 19:14:00,11725.14602,3.341777,126.718307
2019-08-02 19:19:00,11827.63102,0.646097,128.436609
2019-08-02 19:24:00,11910.00101,-2.024019,130.121723
2019-08-02 19:29:00,11972.04158,-4.667803,131.793226
2019-08-02 19:34:00,12013.59542,-7.284532,133.470071
2019-08-02 19:39:00,12034.55809,-9.873325,135.171
2019-08-02 19:44:00,12034.87535,-12.432938,136.914936
2019-08-02 19:49:00,12014.54176,-14.961552,138.721357
2019-08-02 19:54:00,11973.60069,-17.456554,140.610658
2019-08-02 19:59:00,11912.14564,-19.914272,142.604507
2019-08-02 20:04:00,11830.32295,-22.329676,144.726175
2019-08-02 20:09:00,11728.33592,-24.696023,147.000839
2019-08-02 20:14:00,11606.45056,-27.004422,149.455809
2019-08-02 20:19:00,11465.00297,-29.243334,152.120634
2019-08-02 20:24:00,11304.40868,-31.39797,155.026984
2019-08-02 20:29:00,11125.17396,-33.449623,158.208178
2019-08-02 20:34:00,10927.90965,-35.374937,161.698175
2019-08-02 20:39:00,10713.3474,-37.145185,165.529784
2019-08-02 20:44:00,10482.35902,-38.725679,169.731851
2019-08-02 20:49:00,10235.9788,-40.07547,174.325259
2019-08-02 20:54:00,9975.42931,-41.147612,179.317823
2019-08-02 20:59:00,9702.15064,-41.890272,184.698636
2019-08-02 21:04:00,9417.83295,-42.248914,190.433112
2019-08-02 21:09:00,9124.4518,-42.169611,196.460609
2019-08-02 21:14:00,8824.30534,-41.603174,202.69656
2019-08-02 21:19:00,8520.05125,-40.509405,209.040113
2019-08-02 21:24:00,8214.74062,-38.860596,215.386272
2019-08-02 21:29:00,7911.84403,-36.643564,221.639595
2019-08-02 21:34:00,7615.26355,-33.860034,227.725745
2019-08-02 21:39:00,7329.32222,-30.525792,233.598248
2019-08-02 21:44:00,7058.72099,-26.669367,239.239933
2019-08-02 21:49:00,6808.45234,-22.330967,244.660313
2019-08-02 21:54:00,6583.66112,-17.562056,249.890903
2019-08-02 21:59:00,6389.44809,-12.425582,254.980238
2019-08-02 22:04:00,6230.61984,-6.996529,259.989647
2019-08-02 22:09:00,6111.40162,-1.362316,264.990136
2019-08-02 22:14:00,6035.0798,4.37485,270.057829
2019-08-02 22:19:00,6003.98057,10.109605,275.281494
2019-08-02 22:24:00,6018.9484,15.719725,280.746178
2019-08-02 22:29:00,6079.48039,21.079859,286.538509
2019-08-02 22:34:00,6183.72714,26.06271,292.737128
2019-08-02 22:39:00,6328.65545,30.543821,299.400863
2019-08-02 22:44:00,6510.29385,34.407786,306.551941
2019-08-02 22:49:00,6724.01921,37.556523,314.156687
2019-08-02 22:54:00,6964.84371,39.919484,322.110746
2019-08-02 22:59:00,7227.6707,41.463934,330.239354
2019-08-02 23:04:00,7507.50098,42.201456,338.320269
2019-08-02 23:09:00,7799.58355,42.186786,346.125392
2019-08-02 23:14:00,8099.51372,41.508058,353.464391
2019-08-02 23:19:00,8403.28691,40.271704,0.212166
2019-08-02 23:24:00,8707.31814,38.587321,6.313269
2019-08-02 23:29:00,9008.43713,36.55647,11.769197
2019-08-02 23:34:00,9303.86749,34.266614,16.619198
2019-08-02 23:39:00,9591.19648,31.789289,20.922596
2019-08-02 23:44:00,9868.34039,29.180912,24.745973
2019-08-02 23:49:00,10133.50872,26.484832,28.155309
2019-08-02 23:54:00,10385.16941,23.733716,31.211896
2019-08-02 23:59:00,10622.0163,20.951795,33.970674
2019-08-03 00:04:00,10842.93964,18.156801,36.479966
2019-08-03 00:09:00,11046.99977,15.361522,38.781921
2019-08-03 00:14:00,11233.40405,12.575039,40.91326
2019-08-03 00:19:00,11401.48694,9.803681,42.906112
2019-08-03 00:24:00,11550.69285,7.051763,44.788834
2019-08-03 00:29:00,11680.56172,4.322152,46.586747
2019-08-03 00:34:00,11790.71693,1.616714,48.322812
2019-08-03 00:39:00,11880.85527,-1.063343,50.018209
2019-08-03 00:44:00,11950.73896,-3.717179,51.692864
2019-08-03 00:49:00,12000.18928,-6.344081,53.365914
2019-08-03 00:54:00,12029.08183,-8.943251,55.056133
2019-08-03 00:59:00,12037.34328,-11.513603,56.782334
2019-08-03 01:04:00,12024.94946,-14.053555,58.563745
2019-08-03 01:09:00,11991.92488,-16.560815,60.420377
2019-08-03 01:14:00,11938.34348,-19.032133,62.373382
2019-08-03 01:19:00,11864.33083,-21.463019,64.44539
2019-08-03 01:24:00,11770.06772,-23.847405,66.660828
2019-08-03 01:29:00,11655.79523,-26.17725,69.046179
2019-08-03 01:34:00,11521.82148,-28.442057,71.630135
2019-08-03 01:39:00,11368.5302,-30.628319,74.443577
2019-08-03 01:44:00,11196.39123,-32.718867,77.519253
2019-08-03 01:49:00,11005.97339,-34.692163,80.890984
2019-08-03 01:54:00,10797.95974,-36.521569,84.592196
2019-08-03 01:59:00,10573.16569,-38.174694,88.653511
2019-08-03 02:04:00,10332.56018,-39.612958,93.099201
2019-08-03 02:09:00,10077.2901,-40.791628,97.942465
2019-08-03 02:14:00,9808.70826,-41.660577,103.179892
2019-08-03 02:19:00,9528.40462,-42.166048,108.78608
2019-08-03 02:24:00,9238.24076,-42.253564,114.710083
2019-08-03 02:29:00,8940.38641,-41.871795,120.875707
2019-08-03 02:34:00,8637.35691,-40.976849,127.187096
2019-08-03 02:39:00,8332.04862,-39.536139,133.539434
2019-08-03 02:44:00,8027.7687,-37.530992,139.832456
2019-08-03 02:49:00,7728.25342,-34.957629,145.983142
2019-08-03 02:54:00,7437.6674,-31.826689,151.934401
2019-08-03 02:59:00,7160.5743,-28.162005,157.658402
2019-08-03 03:04:00,6901.86836,-23.999388,163.155252
2019-08-03 03:09:00,6666.6564,-19.385949,168.448864
2019-08-03 03:14:00,6460.08345,-14.380128,173.581946
2019-08-03 03:19:00,6287.10201,-9.052182,178.611437
2019-08-03 03:24:00,6152.19639,-3.484717,183.604992
2019-08-03 03:29:00,6059.08669,2.227248,188.638495
2019-08-03 03:34:00,6010.44999,7.977049,193.794177
2019-08-03 03:39:00,6007.70172,13.648168,199.158591
2019-08-03 03:44:00,6050.87591,19.116975,204.819357
2019-08-03 03:49:00,6138.62673,24.256292,210.859301
2019-08-03 03:54:00,6268.35029,28.939796,217.346465
2019-08-03 03:59:00,6436.40295,33.04764,224.319046
2019-08-03 04:04:00,6638.37721,36.473923,231.766423
2019-08-03 04:09:00,6869.39294,39.136331,239.611505
2019-08-03 04:14:00,7124.36803,40.986793,247.7041
2019-08-03 04:19:00,7398.24509,42.019949,255.835126
